<?xml version="1.0" encoding="utf-8" standalone="no" ?>
<vehicle type="teleHandler" xmlns:xsi="http://www.w3.org/2001/XMLSchema-instance" xsi:noNamespaceSchemaLocation="https://validation.gdn.giants-software.com/xml/fs25/vehicle.xsd">
    <annotation>RossN Mods, All Rights Reserved.</annotation>

    <storeData>
        <name>Agri Loadall</name>
        <specs>
            <power>145</power>
            <maxSpeed>40</maxSpeed>
            <combination filterCategory="teleLoaderTools" />
        </specs>
        <functions>
            <function>$l10n_function_telehandler</function>
        </functions>
        <image>store_agriLoadall.dds</image>
        <price>108000</price>
        <lifetime>600</lifetime>
        <rotation>0</rotation>
        <brand>JCB</brand>
        <category>teleLoaderVehicles</category>
        <vertexBufferMemoryUsage>2435584</vertexBufferMemoryUsage>
        <indexBufferMemoryUsage>698368</indexBufferMemoryUsage>
        <textureMemoryUsage>5505024</textureMemoryUsage>
        <audioMemoryUsage>502477</audioMemoryUsage>
        <instanceVertexBufferMemoryUsage>0</instanceVertexBufferMemoryUsage>
        <instanceIndexBufferMemoryUsage>0</instanceIndexBufferMemoryUsage>
    </storeData>

    <base>
        <typeDesc>$l10n_typeDesc_telehandler</typeDesc>
        <filename>JCBLoadall.i3d</filename>
        <sounds filename="sounds/loadallSounds.xml"/>
        <size width="3.6" length="5.6" height="2.8" lengthOffset="-0.4"/>
        <components>
            <component centerOfMass="0 0.65 -0.65" solverIterationCount="30" mass="3500" />
            <component centerOfMass="0 -0.01 -0.04" solverIterationCount="20" mass="3700" />
            <joint component1="1" component2="2" node="axisJoint" rotLimit="0 0 8" rotLimitSpring="0 0 4000" rotLimitDamping="0 0 70" maxRotDriveForce="0 0 10" rotDriveRotation="0 0 0" rotDriveSpring="0 0 17" rotDriveDamping="0 0 15" breakable="false"/>
        </components>
        <schemaOverlay attacherJointPosition="0 0" name="LOADER" />
        <mapHotspot type="WHEELLOADER" />
    </base>

    <wheels>
        <wheelConfigurations tireCategories="TELEHANDLER">
            <wheelConfiguration name="$l10n_configuration_valueDefault" price="0" saveId="DEFAULT">
                <wheels autoRotateBackSpeed="2.4">
                    <wheel dimensions="440_80R24 480_70R24" isLeft="true" hasTireTracks="true" hasParticles="true">
                        <physics rotSpeed="1" restLoad="1.8" repr="axisFrontLeft"  driveNode="wheelFrontLeft"  forcePointRatio="0.35" initialCompression="10" suspTravel="0.08" spring="190" damper="50" frictionScale="2" yOffset="0.04"/>
                        <steering node="steeringBarFront" nodeMinTransX="0.12" nodeMaxTransX="-0.12" />
                    </wheel>
                    <wheel dimensions="440_80R24 480_70R24" isLeft="false" hasTireTracks="true" hasParticles="true">
                        <physics rotSpeed="1" restLoad="1.8" repr="axisFrontRight" driveNode="wheelFrontRight" forcePointRatio="0.35" initialCompression="10" suspTravel="0.08" spring="190" damper="50" frictionScale="2" yOffset="0.04"/>
                    </wheel>
                    <wheel dimensions="440_80R24 480_70R24" isLeft="true" hasTireTracks="true" hasParticles="true">
                        <physics rotSpeed="1" restLoad="3.0" repr="axisBackLeft"  driveNode="wheelBackLeft"  forcePointRatio="0.35" initialCompression="30" suspTravel="0.08" spring="115" damper="50" frictionScale="2" yOffset="0.04"/>
                        <steering node="steeringBarBack" nodeMinTransX="-0.12" nodeMaxTransX="0.12" />
                    </wheel>
                    <wheel dimensions="440_80R24 480_70R24" isLeft="false" hasTireTracks="true" hasParticles="true">
                        <physics rotSpeed="1" restLoad="3.0" repr="axisBackRight" driveNode="wheelBackRight" forcePointRatio="0.35" initialCompression="30" suspTravel="0.08" spring="115" damper="50" frictionScale="2" yOffset="0.04"/>
                    </wheel>
                </wheels>
            </wheelConfiguration>
            <wheelConfiguration name="$l10n_configuration_valueWheelBroad" price="1200" saveId="BROAD" numDynamicConfigurations="1">
                <wheels baseConfig="DEFAULT" >
                    <wheel dimensions="540_65R24 500_70R24" rimOffset="0"/>
                    <wheel dimensions="540_65R24 500_70R24" rimOffset="0"/>
                    <wheel dimensions="540_65R24 500_70R24" rimOffset="0"/>
                    <wheel dimensions="540_65R24 500_70R24" rimOffset="0"/>
                </wheels>
                <foliageBendingModifier index="1" minX="-1.35" maxX="1.35"/>
            </wheelConfiguration>
        </wheelConfigurations>

        <rimMaterial materialTemplateName="JCB_YELLOW1"/>

        <ackermannSteeringConfigurations>
            <ackermannSteering rotSpeed="25" rotMax="35" rotCenter="0 -0.476" />
        </ackermannSteeringConfigurations>

        <hubs>
            <hub linkNode="wheelFrontLeft"  filename="$data/shared/wheels/hubs/hub_n8_8.xml" isLeft="true"  scale="0.25 0.3 0.3" />
            <hub linkNode="wheelFrontRight" filename="$data/shared/wheels/hubs/hub_n8_8.xml" isLeft="false" scale="0.25 0.3 0.3" />
            <hub linkNode="wheelBackLeft"   filename="$data/shared/wheels/hubs/hub_n8_8.xml" isLeft="true"  scale="0.25 0.3 0.3" />
            <hub linkNode="wheelBackRight"  filename="$data/shared/wheels/hubs/hub_n8_8.xml" isLeft="false" scale="0.25 0.3 0.3" />
        </hubs>
    </wheels>

    <rimColorConfigurations useDefaultColors="true">
        <rimColorConfiguration materialTemplateName="JCB_YELLOW1"/>
        <rimColorConfiguration materialTemplateName="chrome"/>
    </rimColorConfigurations>

    <crabSteering>
        <steeringMode name="$l10n_action_steeringModeAllWheel" >
            <wheel index="1" offset="0" />
            <wheel index="2" offset="0" />
            <wheel index="3" offset="0" />
            <wheel index="4" offset="0" />
        </steeringMode>
        <steeringMode name="$l10n_action_steeringModeFrontWheel" >
            <wheel index="1" offset="0" locked="false" />
            <wheel index="2" offset="0" locked="false" />
            <wheel index="3" offset="0" locked="true" />
            <wheel index="4" offset="0" locked="true" />
        </steeringMode>
        <steeringMode name="$l10n_action_steeringModeCrabLeft" >
            <wheel index="1" offset="15" />
            <wheel index="2" offset="15" />
            <wheel index="3" offset="15" />
            <wheel index="4" offset="15" />
        </steeringMode>
        <steeringMode name="$l10n_action_steeringModeCrabRight" >
            <wheel index="1" offset="-15" />
            <wheel index="2" offset="-15" />
            <wheel index="3" offset="-15" />
            <wheel index="4" offset="-15" />
        </steeringMode>
    </crabSteering>

    <speedRotatingParts>
        <speedRotatingPart node="kardan01" radius="0.1" />
        <speedRotatingPart node="kardan02" radius="0.1" />
        <speedRotatingPart node="kardan03" radius="0.1" />
        <speedRotatingPart node="kardan04" radius="0.1" />
        <speedRotatingPart node="kardan05" radius="0.1" />
        <speedRotatingPart node="kardan06" radius="0.1" />
        <speedRotatingPart node="kardan07" radius="0.1" />
        <speedRotatingPart node="kardan08" radius="0.1" />
        <speedRotatingPart node="kardan09" radius="0.1" />
        <speedRotatingPart node="kardan10" radius="0.1" />
    </speedRotatingParts>

  <designConfigurations title="$l10n_configuration_model">
    <designConfiguration name="$l10n_configuration_531-70" price="0">
        <objectChange node="exteriorDecals531" visibilityActive="true"/>
        <objectChange node="exteriorDecals541" visibilityActive="false"/>
    </designConfiguration>
    <designConfiguration name="$l10n_configuration_541-70" price="0">
        <objectChange node="exteriorDecals531" visibilityActive="false"/>
        <objectChange node="exteriorDecals541" visibilityActive="true"/>
    </designConfiguration>
  </designConfigurations>

  <design2Configurations title="$l10n_configuration_Beacons">
    <design2Configuration name="$l10n_configuration_Beacon1" price="0">
      <objectChange node="beacon1" visibilityActive="true" visibilityInactive="false"/>
    </design2Configuration>
    <design2Configuration name="$l10n_configuration_Beacon2" price="0">
      <objectChange node="beacon2" visibilityActive="true" visibilityInactive="false"/>
    </design2Configuration>
    <design2Configuration name="$l10n_configuration_Beacon3" price="0">
      <objectChange node="beacon3" visibilityActive="true" visibilityInactive="false"/>
    </design2Configuration>
  </design2Configurations>

  <design3Configurations title="$l10n_configuration_attachers">
    <design3Configuration name="$l10n_configuration_valueDefault" price="0">
      <objectChange node="attacherQ" visibilityActive="false"/>
      <objectChange node="attacherStandard" visibilityActive="true"/>
      <objectChange node="attacherDecal" visibilityActive="false"/>
      <objectChange node="attacherJointDummy" translationActive="0.07 -0.03 0.32" rotationActive="-90 -80 90"/>
      <objectChange node="attacherJoint" translationActive="0.07 -0.03 0.32" rotationActive="-90 -80 90"/>
      <objectChange node="attacherCol" compoundChildActive="false" compoundChildInactive="true"/>
      <objectChange node="attacherColQ" compoundChildActive="true" compoundChildInactive="false"/>
    </design3Configuration>
    <design3Configuration name="$l10n_configuration_QFit" price="0">
      <objectChange node="attacherQ" visibilityActive="true"/>
      <objectChange node="attacherStandard" visibilityActive="false"/>
      <objectChange node="attacherDecal" visibilityActive="true"/>
      <objectChange node="attacherJointDummy" translationActive="0.07 -0.05 0.17" rotationActive="-90 -90 90"/>
      <objectChange node="attacherJoint" translationActive="0.07 -0.05 0.17" rotationActive="-90 -90 90"/>
      <objectChange node="attacherCol" compoundChildActive="true" compoundChildInactive="false"/>
      <objectChange node="attacherColQ" compoundChildActive="false" compoundChildInactive="true"/>
      <foliageBendingModifier minX="-0.1" maxX="0.1" minZ="-0.65" maxZ="0.65" yOffset="-0.05" index="2"/>
    </design3Configuration>
  </design3Configurations>

    <lights>
        <sharedLight linkNode="sideMarker_06Orange"  filename="$data/shared/assets/reflectors/lizard/yellowRound_01.xml" />
        <sharedLight linkNode="sideMarker_06Orange1" filename="$data/shared/assets/reflectors/lizard/yellowRound_01.xml" />
        <sharedLight linkNode="sideMarker_06Orange2" filename="$data/shared/assets/reflectors/lizard/yellowRound_01.xml" />
        <sharedLight linkNode="sideMarker_06Orange3" filename="$data/shared/assets/reflectors/lizard/redRound_01.xml" />
        <sharedLight linkNode="sideMarker_06Orange4" filename="$data/shared/assets/reflectors/lizard/redRound_01.xml" />
        <sharedLight linkNode="sideMarker_06Orange5" filename="$data/shared/assets/reflectors/lizard/yellowRound_01.xml" />
        <sharedLight linkNode="sideMarker_06Orange6" filename="$data/shared/assets/reflectors/lizard/yellowRound_01.xml" />
        <sharedLight linkNode="numberPlateLightLeft" filename="$data/shared/assets/lights/lizard/plateNumberLight05.xml" />
        <sharedLight linkNode="numberPlateLightRight" filename="$data/shared/assets/lights/lizard/plateNumberLight05.xml" />


        <sharedLight linkNode="workingLightCircle_02" lightTypes="1" filename="$data/shared/assets/lights/lizard/workingLight02.xml" >
            <rotationNode name="rotationNode1" rotation="-45 0 0"/>
        </sharedLight>
        <sharedLight linkNode="worklightFront01" lightTypes="2" filename="$data/shared/assets/lights/lizard/workingLight12.xml" >
            <rotationNode name="rotationNode1" rotation="-10 0 0"/>
        </sharedLight>
        <sharedLight linkNode="worklightFront02" lightTypes="2" filename="$data/shared/assets/lights/lizard/workingLight12.xml" >
            <rotationNode name="rotationNode1" rotation="-10 0 0"/>
        </sharedLight>
        <sharedLight linkNode="worklightFront03" lightTypes="2" filename="$data/shared/assets/lights/lizard/workingLight12.xml" >
            <rotationNode name="rotationNode1" rotation="-10 0 0"/>
        </sharedLight>
        <sharedLight linkNode="worklightFront04" lightTypes="2" filename="$data/shared/assets/lights/lizard/workingLight12.xml" >
            <rotationNode name="rotationNode1" rotation="-10 0 0"/>
        </sharedLight>
        <sharedLight linkNode="worklightBack01" lightTypes="1" filename="$data/shared/assets/lights/lizard/workingLight12.xml" >
            <rotationNode name="rotationNode1" rotation="-10 0 0"/>
        </sharedLight>
        <sharedLight linkNode="worklightBack02" lightTypes="1" filename="$data/shared/assets/lights/lizard/workingLight12.xml" >
            <rotationNode name="rotationNode1" rotation="-10 0 0"/>
        </sharedLight>
        <sharedLight linkNode="lightsBoomLeft" lightTypes="2" filename="$data/shared/assets/lights/lizard/workingLight12.xml" >
            <rotationNode name="rotationNode1" rotation="-2 0 0"/>
        </sharedLight>
        <sharedLight linkNode="lightsBoomRight" lightTypes="2" filename="$data/shared/assets/lights/lizard/workingLight12.xml" >
            <rotationNode name="rotationNode1" rotation="-2 0 0"/>
        </sharedLight>



        <states>
            <state lightTypes="0" />
            <state lightTypes="0 1" />
            <state lightTypes="0 1 2" />
        </states>

        <realLights>
            <low>
                <light node="frontLightLow"       lightTypes="0 2" excludedLightTypes="3"/>
                <light node="highBeamLow"         lightTypes="3"/>
                <light node="workLightFrontLow"   lightTypes="2"/>
                <light node="workLightBackLow"    lightTypes="1"/>
            </low>
            <high>
                <light node="frontLightHigh"        lightTypes="0" excludedLightTypes="2 3"/>
                <light node="backLightsHigh1"       lightTypes="0"/>
                <light node="licensePlateLightHigh" lightTypes="0"/>
                <light node="highBeamHigh"          lightTypes="3"/>
                <light node="workLightBackHigh1"    lightTypes="1"/>
                <light node="workLightFrontHigh1"   lightTypes="2"/>
                <light node="workLightFrontHigh5"   lightTypes="2"/>
                <brakeLight node="backLightsHigh1" />
                <turnLightLeft node="turnLightLeftFront" />
                <turnLightRight node="turnLightRightFront" />
                <reverseLight node="reverseLightHigh1" />
            </high>
        </realLights>

        <beaconLights>
            <beaconLight node="beacon1" filename="$data/shared/assets/beaconLights/lizard/beaconLight06.xml" />
            <beaconLight node="beacon2" filename="$data/shared/assets/beaconLights/lizard/beaconLight02.xml" />
            <beaconLight node="beacon3" filename="$data/shared/assets/beaconLights/lizard/beaconLight12.xml" />
        </beaconLights>

        <staticLightCompounds>
            <staticLightCompound>
                <node node="frontLightDefault" intensity="5"/>
                <node node="frontLightStatic" intensity="5"/>
                <node node="rearLightStatics" intensity="5"/>
            </staticLightCompound>
        </staticLightCompounds>

        <dashboards>
            <dashboard displayType="EMITTER" valueType="lightState" node="cabinLightDecals" intensity="0.1" lightTypes="0" groups="MOTOR_ACTIVE"/>
            <dashboard displayType="EMITTER" valueType="lightState" node="dashLights" emitColor="GREEN" baseColor="BLACK" intensity="0.3" lightTypes="0"/>
            <dashboard displayType="EMITTER" valueType="lightState" node="dashLightsFull" emitColor="0 0 1 0" baseColor="BLACK" intensity="0.3" lightTypes="3"/>
            <dashboard displayType="EMITTER" valueType="lightState" node="dashRearWork" emitColor="GREEN" baseColor="BLACK" intensity="0.3" lightTypes="1"/>
            <dashboard displayType="EMITTER" valueType="lightState" node="dashFrontWork" emitColor="GREEN" baseColor="BLACK" intensity="0.3" lightTypes="2"/>
            <dashboard displayType="EMITTER" valueType="lightState" node="tempNeedle" intensity="0.3" lightTypes="0" groups="MOTOR_ACTIVE"/>
            <dashboard displayType="EMITTER" valueType="lightState" node="fuelNeedle" intensity="0.3" lightTypes="0" groups="MOTOR_ACTIVE"/>
            <dashboard displayType="EMITTER" valueType="lightState" node="rpmNeedle" intensity="0.3" lightTypes="0" groups="MOTOR_ACTIVE"/>
            <dashboard displayType="EMITTER" valueType="turnLightHazard" node="hazardDecal" emitColor="RED" intensity="0.3" lightTypes="0" groups="MOTOR_ACTIVE"/>
            <dashboard displayType="EMITTER" valueType="turnLightHazard" node="dashHazards" emitColor="RED" intensity="0.3" baseColor="BLACK"/>
            <dashboard displayType="EMITTER" valueType="turnLightLeft" node="dashTurnLeft" emitColor="GREEN" intensity="0.3" baseColor="BLACK"/>
            <dashboard displayType="EMITTER" valueType="turnLightRight" node="dashTurnRight" emitColor="GREEN" intensity="0.3" baseColor="BLACK"/>
            <dashboard displayType="EMITTER" valueType="beaconLight" node="beaconLightDecal" intensity="0.3" lightTypes="0" groups="MOTOR_ACTIVE"/>
            <dashboard displayType="EMITTER" valueType="lightState" node="worklightDecal" intensity="0.3" lightTypes="1" groups="MOTOR_ACTIVE"/>
        </dashboards>
    </lights>

    <licensePlates>
        <licensePlate node="licencePlateFront" position="FRONT" preferedType="SQUARISH" placementArea="0.2 0.2 0.08 0.2"/>
        <licensePlate node="licencePlateBack"  position="BACK"  preferedType="ELONGATED" placementArea="0.05 0.27 0.08 0.27">
        </licensePlate>
    </licensePlates>

    <enterable isTabbable="true" >
        <enterReferenceNode node="mainComponent" />
        <exitPoint node="exitPoint" />

        <cameras>
            <camera node="outdoorCamera1" rotatable="true" rotateNode="outdoorCameraTarget" limit="true" useWorldXZRotation="true" rotMinX="-1.4" rotMaxX="1" transMin="4.5" transMax="40" translation="0 0 5.5" rotation="-15 180 0" >
                <raycastNode node="cameraRaycastNode1"/>
                <raycastNode node="cameraRaycastNode2"/>
                <raycastNode node="cameraRaycastNode3"/>
            </camera>
            <camera node="indoorCamera1" rotatable="true" limit="true" rotMinX="-1.1" rotMaxX="0.8" transMin="0" transMax="0" useMirror="true" isInside="true" shadowFocusBox="shadowFocusBox" suspensionNodeIndex="1"/>
        </cameras>

        <characterNode node="playerSkin" cameraMinDistance="0.5" >
            <target ikChain="rightFoot" targetNode="playerRightFootTarget" />
            <target ikChain="leftFoot"  targetNode="playerLeftFootTarget" />
            <target ikChain="rightArm"  targetNode="playerRightHandTarget1" poseId="wideFingers" />
            <target ikChain="leftArm"   targetNode="playerLeftHandTarget" />
        </characterNode>

        <characterTargetNodeModifier node="playerRightFootTarget" transitionTime="0.1" >
            <state node="playerRightFootTargetGas"   referenceNode="gasPedal" directionReferenceNode="playerRightFootGasRef" />
        </characterTargetNodeModifier>

        <characterTargetNodeModifier node="playerLeftFootTarget" transitionTime="0.1" >
            <state node="playerRightFootTargetBrake"   referenceNode="brakePedal"/>
        </characterTargetNodeModifier>

        <dashboards>
            <dashboard displayType="TEXT" valueType="time" node="numbersTime" textSize="0.0025" textMask="00:00" font="GENERIC" textAlignment="CENTER" groups="MOTOR_POST"/>
        </dashboards>

        <mirrors>
            <mirror node="mirrorLeftBigDecal" prio="1" />
            <mirror node="mirrorRightBigDecal" prio="1" />
            <mirror node="mirrorRightSmallDecal" prio="2" />
            <mirror node="mirrorRightBigBelowDecal" prio="2" />
            <mirror node="mirrorRearDecal" prio="2" />
        </mirrors>
    </enterable>

    <motorized>
        <consumerConfigurations>
            <consumerConfiguration>
                <consumer fillUnitIndex="1" usage="51"  fillType="diesel" />  <!-- usage is per hour at max load and max rpm -->
                <consumer fillUnitIndex="2" usage="3"   fillType="def" />     <!-- usage is per hour at max load and max rpm -->
                <consumer fillUnitIndex="3" usage="200" fillType="air" permanentConsumption="false" refillLitersPerSecond="250" refillCapacityPercentage="0.5" /> <!-- usage per second at full brake power -->
            </consumerConfiguration>
        </consumerConfigurations>

        <differentialConfigurations>
            <differentialConfiguration>
                <differentials>
                    <differential torqueRatio="0.5" maxSpeedRatio="1.9" wheelIndex1="1" wheelIndex2="2" /> <!-- front left-right -->
                    <differential torqueRatio="0.5" maxSpeedRatio="1.9" wheelIndex1="3" wheelIndex2="4" /> <!-- back left-right -->
                    <differential torqueRatio="0.5" maxSpeedRatio="1.2" differentialIndex1="1" differentialIndex2="2" /> <!-- front-back -->
                </differentials>
            </differentialConfiguration>
        </differentialConfigurations>

        <motorConfigurations>
            <motorConfiguration name="AgriPlus" hp="125" price="0">
                <motor torqueScale="0.529" minRpm="850" maxRpm="2200" maxForwardSpeed="35" maxBackwardSpeed="15" brakeForce="5" lowBrakeForceScale="0.22">
                    <torque normRpm="0.45" torque="0.9"/>
                    <torque normRpm="0.5" torque="0.97"/>
                    <torque normRpm="0.59" torque="1"/>
                    <torque normRpm="0.72" torque="1"/>
                    <torque normRpm="0.86" torque="0.88"/>
                    <torque normRpm="1" torque="0.72"/>
                </motor>
                <transmission autoGearChangeTime="0" gearChangeTime="0" axleRatio="1" name="$l10n_info_transmission_4speed">
                    <directionChange useGear="true" reverseGearIndex="1" changeTime="0.5"/>

                    <forwardGear maxSpeed="6.72" name="D1"/>
                    <forwardGear maxSpeed="13.99" name="D2"/>
                    <forwardGear maxSpeed="23.43" name="D3"/>
                    <forwardGear maxSpeed="39" name="D4"/>

                    <!-- reverse speeds increased by factor 2 compared to real -->
                    <backwardGear maxSpeed="10.04" name="R1"/>
                    <backwardGear maxSpeed="14.62" name="R2"/>
                    <backwardGear maxSpeed="20.94" name="R3"/>
                </transmission>
                <objectChange node="exteriorDecalsAgriPlus" visibilityActive="true"/>
                <objectChange node="exteriorDecalsAgriSuper" visibilityActive="false"/>
                <objectChange node="exteriorDecalsAgriPro" visibilityActive="false"/>
                <objectChange node="seatDecalAgiPro" visibilityActive="false"/>
                <objectChange node="interiorMainAgri" visibilityActive="true"/>
                <objectChange node="interiorMainAgriPro" visibilityActive="false"/>
            </motorConfiguration>
            <motorConfiguration name="AgriSuper" hp="145" price="0">
                <motor torqueScale="0.614" minRpm="850" maxRpm="2200" maxForwardSpeed="43" maxBackwardSpeed="15" brakeForce="5" lowBrakeForceScale="0.22">
                    <torque normRpm="0.45" torque="0.9"/>
                    <torque normRpm="0.5" torque="0.97"/>
                    <torque normRpm="0.59" torque="1"/>
                    <torque normRpm="0.72" torque="1"/>
                    <torque normRpm="0.86" torque="0.88"/>
                    <torque normRpm="1" torque="0.72"/>
                </motor>
                 <transmission autoGearChangeTime="0" gearChangeTime="0" axleRatio="1" name="$l10n_info_transmission_6speed">
                    <directionChange useGear="true" reverseGearIndex="1" changeTime="0.5"/>

                    <forwardGear maxSpeed="5.72" name="D1"/>
                    <forwardGear maxSpeed="8.99" name="D2"/>
                    <forwardGear maxSpeed="13.87" name="D3"/>
                    <forwardGear maxSpeed="21.43" name="D4"/>
                    <forwardGear maxSpeed="32.18" name="D5"/>
                    <forwardGear maxSpeed="47" name="D6"/>

                    <!-- reverse speeds increased by factor 2 compared to real -->
                    <backwardGear maxSpeed="10.04" name="R1"/>
                    <backwardGear maxSpeed="14.62" name="R2"/>
                    <backwardGear maxSpeed="20.94" name="R3"/>
                </transmission>
                <objectChange node="exteriorDecalsAgriPlus" visibilityActive="false"/>
                <objectChange node="exteriorDecalsAgriSuper" visibilityActive="true"/>
                <objectChange node="exteriorDecalsAgriPro" visibilityActive="false"/>
                <objectChange node="seatDecalAgiPro" visibilityActive="false"/>
                <objectChange node="interiorMainAgri" visibilityActive="true"/>
                <objectChange node="interiorMainAgriPro" visibilityActive="false"/>
            </motorConfiguration>
            <motorConfiguration name="AgriPro" hp="145" price="0">
                <motor torqueScale="0.614" minRpm="850" maxRpm="2200" maxForwardSpeed="43" maxBackwardSpeed="15" brakeForce="5" lowBrakeForceScale="0.22">
                    <torque normRpm="0.45" torque="0.9"/>
                    <torque normRpm="0.5" torque="0.97"/>
                    <torque normRpm="0.59" torque="1"/>
                    <torque normRpm="0.72" torque="1"/>
                    <torque normRpm="0.86" torque="0.88"/>
                    <torque normRpm="1" torque="0.72"/>
                </motor>
                <transmission minForwardGearRatio="15.8" maxForwardGearRatio="300" minBackwardGearRatio="40" maxBackwardGearRatio="300" name="$l10n_info_transmission_cvt"/>
                <objectChange node="exteriorDecalsAgriPlus" visibilityActive="false"/>
                <objectChange node="exteriorDecalsAgriSuper" visibilityActive="false"/>
                <objectChange node="exteriorDecalsAgriPro" visibilityActive="true"/>
                <objectChange node="seatDecalAgiPro" visibilityActive="true"/>
                <objectChange node="interiorMainAgri" visibilityActive="false"/>
                <objectChange node="interiorMainAgriPro" visibilityActive="true"/>
            </motorConfiguration>
        </motorConfigurations>

        <exhaustEffects>
            <exhaustEffect node="exhaustParticle1" filename="$data/effects/exhaust/exhaust.i3d" minRpmColor="0.9 0.9 0.9 0.1" maxRpmColor="0.9 0.9 0.9 0.4" minRpmScale="0.05" maxRpmScale="0.5" />
        </exhaustEffects>

        <motorStartDuration>3400</motorStartDuration>

        <dashboards>
          <dashboard displayType="ANIMATION" valueType="rpm" animName="rpmDisplay"  minValueAnim="0" maxValueAnim="2500" groups="MOTOR_ACTIVE"/>
          <dashboard displayType="ANIMATION" valueType="motorTemperature" animName="tempDisplay"  groups="MOTOR_ACTIVE"/>
          <dashboard displayType="TEXT" valueType="speed"            node="numbersSpeed" textColor="JCB_YELLOW1" textSize="0.012" textMask="00.0" font="GENERIC" groups="MOTOR_POST"/>
          <dashboard displayType="TEXT" valueType="gear"             node="numbersGear" textMask="00" textSize="0.006" font="GENERIC" groups="MOTOR_POST"/>
          <dashboard displayType="MULTI_STATE" valueType="ignitionState" node="key" doInterpolation="true" groups="MOTOR_ACTIVE">
              <state value="0" rotation="0 0 0"/>
              <state value="1" rotation="0 0 -90"/>
              <state value="2" rotation="0 0 -30"/>
          </dashboard>
          <dashboard displayType="ANIMATION" valueType="speed" animName="handbrakeAnim" minValueAnim="0" maxValueAnim="40" groups="MOTOR_ACTIVE"/>
        </dashboards>
    </motorized>

    <fillUnit>
        <fillUnitConfigurations>
            <fillUnitConfiguration>
                <fillUnits>
                    <fillUnit unitTextOverride="$l10n_unit_literShort" showOnHud="false" showInShop="false" fillTypes="diesel" capacity="148" >
                      <dashboard displayType="ANIMATION" valueType="fillLevel" animName="fuelDisplay" groups="MOTOR_ACTIVE"/>
                        <exactFillRootNode node="exactFillRootNodeFuel" />
                  </fillUnit>
                    <fillUnit unitTextOverride="$l10n_unit_literShort" showOnHud="false" showInShop="false" showOnInfoHud="false" fillTypes="def" capacity="10" />
                    <fillUnit unitTextOverride="$l10n_unit_literShort" showOnHud="false" showInShop="false" showOnInfoHud="false" fillTypes="air" capacity="2000" />
                </fillUnits>
            </fillUnitConfiguration>
        </fillUnitConfigurations>
    </fillUnit>

    <suspensions>
        <suspension node="seat"              weight="150" minTranslation="-0.05 -0.15 0.0" maxTranslation="0.05 0.15 0.0" suspensionParametersX="20 4" suspensionParametersY="5 1" suspensionParametersZ="20 4" />
        <suspension useCharacterTorso="true" weight="90" minRotation="0 -5 -5" maxRotation="0 5 5" suspensionParametersY="7 1" suspensionParametersZ="7 1" />
    </suspensions>

    <drivable>
        <steeringWheel node="steeringWheel" indoorRotation="540" outdoorRotation="20" />

        <dashboards>
            <dashboard displayType="ROT"     valueType="accelerationAxis" node="gasPedal"   minRot="0 0 0" maxRot="15 0 0" doInterpolation="true" groups="MOTOR_ACTIVE"/>
            <dashboard displayType="ROT"     valueType="accelerationAxis" node="gasPedalPart"   minRot="0 0 0" maxRot="-35 0 0" doInterpolation="true" groups="MOTOR_ACTIVE"/>
            <dashboard displayType="ROT"     valueType="decelerationAxis" node="brakePedal" minRot="0 0 0" maxRot="-20 0 0" doInterpolation="true" groups="MOTOR_ACTIVE"/>
            <dashboard valueType="movingDirection" displayType="ROT" doInterpolation="true" interpolationSpeed="0.01" groups="MOTOR_ACTIVE" minRot="0 0 16" maxRot="0 0 -16" node="shuttle"/>
        </dashboards>
    </drivable>

    <attacherJoints comboDuration="2">
        <attacherJoint node="attacherJointDummy" nodeVisual="attacherJoint" jointType="telehandler" allowsJointLimitMovement="false" allowsLowering="false" rotLimitSpring="7500 7500 7500" rotLimitDamping="5 5 5" transLimitSpring="7500 7500 7500" transLimitDamping="5 5 5" >
            <schema position="1 0" rotation="0" invertX="true" />
        </attacherJoint>
        <attacherJoint node="trailerAttacherJointFront" jointType="trailer" lowerRotLimit="25 35 50" allowsJointLimitMovement="false" >
            <schema position="1 0" rotation="0" invertX="true" />
        </attacherJoint>
        <attacherJoint node="trailerAttacherJoint" jointType="trailer" lowerRotLimit="80 80 50" allowsJointLimitMovement="false" >
            <schema position="1 0" rotation="0" invertX="false" />
        </attacherJoint>
        <attacherJoint node="trailerAttacherJointLow" jointType="trailerLow" lowerRotLimit="80 80 50" allowsJointLimitMovement="false" >
            <schema position="1 0" rotation="0" invertX="false" />
        </attacherJoint>
    </attacherJoints>

    <connectionHoses>
        <target attacherJointIndices="1" type="hydraulicIn" node="hydraulic01In">
          <objectChange node="hyd01InCover" visibilityActive="false" visibilityInactive="true"/>
        </target>
        <target attacherJointIndices="1" type="hydraulicOut" node="hydraulic01Out">
          <objectChange node="hyd01OutCover" visibilityActive="false" visibilityInactive="true"/>
        </target>
        <target attacherJointIndices="3 4" node="electric" socket="electric_metal" type="electric"/>
        <target attacherJointIndices="3 4" node="airIn" socket="air_red" type="airDoubleRed"/>
        <target attacherJointIndices="3 4" node="airOut" socket="air_yellow" type="airDoubleYellow"/>

        <target attacherJointIndices="3 4" node="hydraulic02In" type="hydraulicIn">
          <objectChange node="hydCap2In" rotationActive="100 -90 0" rotationInactive="0 -90 0"/>
        </target>
        <target attacherJointIndices="3 4" node="hydraulic02Out" type="hydraulicOut">
          <objectChange node="hydCap2Out" rotationActive="100 -90 0" rotationInactive="0 -90 0"/>
        </target>
        <target attacherJointIndices="3 4" node="hydraulic03In" type="hydraulicIn">
          <objectChange node="hydCap3In" rotationActive="100 -90 0" rotationInactive="0 -90 0"/>
        </target>
        <target attacherJointIndices="3 4" node="hydraulic03Out" type="hydraulicOut">
          <objectChange node="hydCap3Out" rotationActive="100 -90 0" rotationInactive="0 -90 0"/>
        </target>

    </connectionHoses>

    <wipers>
        <wiper animName="wiperFrontAnimation" >
            <state animSpeed="1.75" animPause="2.0" />
            <state animSpeed="1.75" animPause="0.0" />
            <state animSpeed="2.10" animPause="0.0" />
        </wiper>
        <wiper animName="wiperBackAnimation" >
            <state animSpeed="2.0" animPause="2.0" />
        </wiper>
    </wipers>

    <animations>
        <animation name="wiperFrontAnimation">
            <part node="wiperArm01" startTime="0" endTime="1" startRot="0 0 0" endRot="-2.731 1.772 33" />
            <part node="wiperArm01" startTime="1" endTime="2" startRot="-2.731 1.772 33" endRot="0 0 65" />
            <part node="wiperArm02" startTime="0" endTime="1" startRot="0 0 0" endRot="-2.731 1.772 33" />
            <part node="wiperArm02" startTime="1" endTime="2" startRot="-2.731 1.772 33" endRot="0 0 65" />
            <part node="wiper"      startTime="0" endTime="1" startRot="0 0 0" endRot="0 0 -33" />
            <part node="wiper"      startTime="1" endTime="2" startRot="0 0 -33" endRot="0 0 -65" />

            <sound template="wiper1" startTime="0" endTime="2" direction="1"   volumeScale="1.2" pitchScale="0.7" fadeOut="0.1" linkNode="wiperArm01"/>
            <sound template="wiper2" startTime="0" endTime="2" direction="-1"  volumeScale="1.2" pitchScale="0.7" fadeOut="0.1" linkNode="wiperArm01"/>
        </animation>
        <animation name="wiperBackAnimation">
            <part node="wiperBack" startTime="0" endTime="1" startRot="0 0 0" endRot="4.324 0 35" />
            <part node="wiperBack" startTime="1" endTime="2" startRot="4.324 0 35" endRot="0 0 70" />
            <part node="wiperBackPart" startTime="0" endTime="1" startRot="0 0 0" endRot="0 0 -1.39" />
            <part node="wiperBackPart" startTime="1" endTime="2" startRot="0 0 -1.39" endRot="0 0 -2.813" />
            <part node="wiperTop" startTime="0" endTime="1" startRot="0 0 0" endRot="0 -35 0" />
            <part node="wiperTop" startTime="1" endTime="2" startRot="0 -35 0" endRot="0 -70 0" />

            <sound template="wiper1" startTime="0" endTime="2" direction="1"  volumeScale="0.8" pitchScale="0.9" fadeOut="0.1" linkNode="wiperBack"/>
            <sound template="wiper2" startTime="0" endTime="2" direction="-1" volumeScale="0.8" pitchScale="0.9" fadeOut="0.1" linkNode="wiperBack"/>
        </animation>
        <animation name="fuelDisplay">
            <part node="fuelNeedle"   startTime="0" endTime="1" startRot="0 0 0" endRot="94 0 0" />
        </animation>
        <animation name="rpmDisplay">
            <part node="rpmNeedle"    startTime="0" endTime="1" startRot="0 0 0" endRot="100 0 0" />
        </animation>
        <animation name="tempDisplay">
            <part node="tempNeedle"   startTime="0" endTime="1" startRot="0 0 0" endRot="94 0 0" />
        </animation>
        <animation name="handbrakeAnim">
            <part node="handbrake"   startTime="0" endTime="0.01" startRot="0 0 0" endRot="40 0 0" />
            <part node="handbrake"   startTime="0.01" endTime="1" startRot="40 0 0" endRot="40 0 0" />
        </animation>
    </animations>

    <cylindered>
        <movingTools>
          <movingTool node="mainArmDummy" delayedNode="mainArm" playSound="false">
              <controls axis="AXIS_FRONTLOADER_ARM" invertAxis="true" mouseSpeedFactor="0.2" iconName="CRANE_ARM2_ROTATE_X" />
              <attacherJoint jointIndices="1" />
              <rotation rotSpeed="15" rotAcceleration="125" rotMax="0.8" rotMin="-66" startRot="-3" />
              <dependentMovingTool node="attacherDummy" minRotLimits="-15 -70" maxRotLimits="120 60" />
              <dependentPart node="attacherDummyRot" />
              <dependentPart node="guage" />
          </movingTool>
          <movingTool node="mainArm">
              <dependentPart node="mainArmHydraulic" />
              <dependentPart node="mainArm2Hydraulic" />
              <dependentPart node="attacherRot" />
          </movingTool>
          <movingTool node="secondArmDummy" delayedNode="secondArm" playSound="true">
              <controls axis="AXIS_FRONTLOADER_ARM2" invertAxis="false" mouseSpeedFactor="0.2" iconName="CRANE_ARM2_TRANSLATE" />
              <attacherJoint jointIndices="1" />
              <translation transSpeed="0.8" transAcceleration="10" transMax="3" transMin="0" translationAxis="3" />
          </movingTool>
          <movingTool node="attacherDummy" delayedNode="attacher" playSound="false">
              <controls axis="AXIS_FRONTLOADER_TOOL" invertAxis="true" mouseSpeedFactor="0.2" iconName="CRANE_ARM2_ROTATE_TOOL" />
              <attacherJoint jointIndices="1" />
              <rotation rotSpeed="60" rotAcceleration="300" rotMax="120" rotMin="-15" startRot="0" />
          </movingTool>
          <movingTool node="attacher">
              <dependentPart node="secondArmHydraulic" />
              <dependentPart node="secondArmPart01" />
          </movingTool>
      <movingTool node="door">
        <controls axis="AXIS_CRANE_TOOL2" iconName="TOP_DOOR_ROTATE" invertAxis="true" mouseSpeedFactor="0.8"/>
        <rotation rotAcceleration="300" rotMax="180" rotMin="0" rotSpeed="200"/>
      </movingTool>
        </movingTools>

        <movingParts>
            <movingPart node="steeringBarFrontLeft"  referencePoint="steeringBarFrontLeftRef"  referenceFrame="steeringBarFrontLeftRef"  isActiveDirty="true" maxUpdateDistance="150"/>
            <movingPart node="steeringBarFrontRight" referencePoint="steeringBarFrontRightRef" referenceFrame="steeringBarFrontRightRef" isActiveDirty="true" maxUpdateDistance="150"/>
            <movingPart node="steeringBarBackLeft"   referencePoint="steeringBarBackLeftRef"   referenceFrame="steeringBarBackLeftRef"   isActiveDirty="true" maxUpdateDistance="150"/>
            <movingPart node="steeringBarBackRight"  referencePoint="steeringBarBackRightRef"  referenceFrame="steeringBarBackRightRef"  isActiveDirty="true" maxUpdateDistance="150"/>
            <movingPart node="mainArmHydraulic" referencePoint="mainArmHydraulicRef" referenceFrame="mainArmHydraulicRef">
                <translatingPart node="mainArmHydraulicPunch" />
            </movingPart>
            <movingPart node="mainArm2Hydraulic" referencePoint="mainArm2HydraulicRef" referenceFrame="mainArm2HydraulicRef">
                <translatingPart node="mainArm2HydraulicPunch" />
            </movingPart>
            <movingPart node="secondArmHydraulic" referencePoint="secondArmHydraulicRef" referenceFrame="secondArmHydraulicRef">
                <translatingPart node="secondArmHydraulicPunch" />
            </movingPart>

            <movingPart node="secondArmPart01" referencePoint="secondArmPart01Ref" localReferencePoint="secondArmPart02" referenceFrame="secondArmPart01RefFrame" >
                <dependentPart node="secondArmPart02" />
            </movingPart>
            <movingPart node="secondArmPart02"  referencePoint="secondArmPart01Ref"  referenceFrame="secondArmPart01Ref"/>

            <movingPart node="attacherDummyRot" referenceFrame="mainComponent">
                <attacherJoint jointIndices="1" />
            </movingPart>
            <movingPart node="attacherRot" referenceFrame="mainComponent">
                <dependentPart node="secondArmHydraulic" />
                <dependentPart node="secondArmPart01" />
            </movingPart>
            <movingPart node="guage" referenceFrame="mainComponent">
            </movingPart>
        </movingParts>

        <sounds>
            <actionSound template="hydraulicClose01" volumeScale="3"   pitchScale="0.6" linkNode="mainArmDummy"    actionNames="TOOL_MOVE_NEG"                                   nodes="mainArmDummy" fadeIn="0.1" fadeOut="0.1" />
            <actionSound template="hydraulicOpen01"  volumeScale="4"   pitchScale="1.6" linkNode="mainArmDummy"    actionNames="TOOL_MOVE_NEG"                                   nodes="mainArmDummy" fadeIn="0.1" fadeOut="0.1" />
            <actionSound template="hydraulicOpen02"  volumeScale="1.6" pitchScale="1.2" linkNode="mainArmDummy"    actionNames="TOOL_MOVE_POS"                                   nodes="mainArmDummy" fadeIn="0.1" fadeOut="0.1" />
            <actionSound template="hydraulicOpen01"  volumeScale="1.6" pitchScale="0.8" linkNode="mainArmDummy"    actionNames="TOOL_MOVE_POS"                                   nodes="mainArmDummy" fadeIn="0.1" fadeOut="0.1" />
            <actionSound template="hydraulicOpen05"  volumeScale="2"   pitchScale="2"   linkNode="secondArmDummy"    actionNames="TOOL_MOVE_POS TOOL_MOVE_NEG"                     nodes="secondArmDummy" fadeIn="0.1" fadeOut="0.1" />
            <actionSound template="hydraulicOpen04"  volumeScale="2"   pitchScale="2"   linkNode="secondArmDummy"    actionNames="TOOL_MOVE_POS TOOL_MOVE_NEG"                     nodes="secondArmDummy" fadeIn="0.1" fadeOut="0.1" />
            <actionSound template="cylinderPunch"    volumeScale="0.7" pitchScale="1.2" linkNode="mainArmDummy"    actionNames="TOOL_MOVE_END_POS_LIMIT"                         nodes="mainArmDummy"/>
            <actionSound template="vibratingImp"     volumeScale="0.7" pitchScale="1.0" linkNode="mainArmDummy"    actionNames="TOOL_MOVE_END_POS_LIMIT"                         nodes="mainArmDummy"/>
            <actionSound template="hingeImp"         volumeScale="0.4" pitchScale="0.7" linkNode="mainArmDummy"    actionNames="TOOL_MOVE_END_POS_LIMIT"                         nodes="mainArmDummy"/>
            <actionSound template="clackVar6"        volumeScale="1.4" pitchScale="0.5" linkNode="mainArmDummy"    actionNames="TOOL_MOVE_END_POS_LIMIT"                         nodes="mainArmDummy"/>
            <actionSound template="cylinderPunch"    volumeScale="0.5" pitchScale="1.7" linkNode="mainArmDummy"    actionNames="TOOL_MOVE_END_NEG_LIMIT"                         nodes="mainArmDummy"/>
            <actionSound template="vibratingImp"     volumeScale="0.7" pitchScale="0.7" linkNode="mainArmDummy"    actionNames="TOOL_MOVE_END_NEG_LIMIT"                         nodes="mainArmDummy"/>
            <actionSound template="clackVar6"        volumeScale="1.8" pitchScale="0.7" linkNode="mainArmDummy"    actionNames="TOOL_MOVE_END_NEG_LIMIT"                         nodes="mainArmDummy"/>
            <actionSound template="clackVar6"        volumeScale="0.8" pitchScale="0.6" linkNode="secondArmDummy"    actionNames="TOOL_MOVE_END_POS_LIMIT TOOL_MOVE_END_NEG_LIMIT" nodes="secondArmDummy"/>
            <actionSound template="grabImp"          volumeScale="0.4" pitchScale="0.6" linkNode="secondArmDummy"    actionNames="TOOL_MOVE_END_POS_LIMIT TOOL_MOVE_END_NEG_LIMIT" nodes="secondArmDummy"/>
            <actionSound template="metalImpHigh01"   volumeScale="0.2" pitchScale="1.2" linkNode="secondArmDummy"    actionNames="TOOL_MOVE_END_POS_LIMIT TOOL_MOVE_END_NEG_LIMIT" nodes="secondArmDummy"/>
            <actionSound template="metalImpLow"      volumeScale="0.3" pitchScale="1.2" linkNode="secondArmDummy"    actionNames="TOOL_MOVE_END_POS_LIMIT TOOL_MOVE_END_NEG_LIMIT" nodes="secondArmDummy"/>
            <actionSound template="hydraulicClose01" volumeScale="1"   pitchScale="2"   linkNode="attacherDummy" actionNames="TOOL_MOVE_POS TOOL_MOVE_NEG"                     nodes="attacherDummy" fadeIn="0.1" fadeOut="0.1"/>
            <actionSound template="grabImp"          volumeScale="0.5" pitchScale="0.7" linkNode="attacherDummy" actionNames="TOOL_MOVE_END_POS_LIMIT TOOL_MOVE_END_NEG_LIMIT" nodes="attacherDummy" />
        </sounds>

        <dashboards>
            <dashboard displayType="ROT" valueType="movingTool" node="joystick" rotAxis="1" minRot="-15" maxRot="15" axis="AXIS_FRONTLOADER_ARM"  doInterpolation="true" groups="MOTOR_ACTIVE"/>
            <dashboard displayType="ROT" valueType="movingTool" node="joystick" rotAxis="3" minRot="-15" maxRot="15" axis="AXIS_FRONTLOADER_TOOL" doInterpolation="true" groups="MOTOR_ACTIVE"/>
            <dashboard displayType="ROT" valueType="movingTool" node="joystickBoom" rotAxis="1" minRot="-25" maxRot="25" axis="AXIS_FRONTLOADER_ARM2" doInterpolation="true" groups="MOTOR_ACTIVE"/>
        </dashboards>
    </cylindered>

    <dashboard>
        <groups>
            <group name="MOTOR_STARTING" isMotorStarting="true"/>
            <group name="MOTOR_ACTIVE"   isMotorStarting="true" isMotorRunning="true"/>
            <group name="MOTOR_POST"   isMotorStarting="false" isMotorRunning="true"/>
        </groups>
        <default>
            <dashboard displayType="EMITTER" node="cabinLightDecalsStart"      idleValue="0" intensity="1" groups="MOTOR_STARTING" />
            <dashboard displayType="VISIBILITY" node="cabinLightDecalsStart"       groups="MOTOR_STARTING" />
            <dashboard displayType="EMITTER" node="cabinLightDecalsRun"      idleValue="0" intensity="1" groups="MOTOR_POST" />
            <dashboard displayType="VISIBILITY" node="cabinLightDecalsRun"       groups="MOTOR_POST" />
            <dashboard displayType="EMITTER" node="dashScreenStart"      idleValue="0" intensity="1" groups="MOTOR_STARTING" />
            <dashboard displayType="VISIBILITY" node="dashScreenStart"       groups="MOTOR_STARTING" />
            <dashboard displayType="EMITTER" node="dashScreenRun"      idleValue="0" intensity="1" groups="MOTOR_POST" />
            <dashboard displayType="VISIBILITY" node="dashScreenRun"       groups="MOTOR_POST" />
            <dashboard displayType="EMITTER" node="dashWarning"      emitColor="RED" idleValue="-1" intensity="1" groups="MOTOR_STARTING" />
            <dashboard displayType="EMITTER" node="dashOil"      emitColor="RED" baseColor="BLACK" idleValue="0" intensity="1" groups="MOTOR_STARTING" />
        </default>
    </dashboard>

    <ai>
        <agent width="2.5" length="5.3" height="2.75" lengthOffset="0.05" frontOffset="1.355" />
        <collisionTrigger useSize="true"/>
    </ai>

    <foliageBending>
        <bendingNode minX="-1.25" maxX="1.25" minZ="-2.8" maxZ="1.6" yOffset="0.5" />
        <bendingNode minX="-0.4" maxX="0.2" minZ="-0.5" maxZ="0.5" yOffset="-0.05" node="attacherJointDummy" />
    </foliageBending>

    <baseColorConfigurations useDefaultColors="true" defaultColorMaterialTemplateName="calibratedGlossPaint">
        <baseColorConfiguration color="JCB_YELLOW1" />
        <baseColorConfiguration color="JCB_ORANGE"/>

        <material materialSlotName="jcbYellow_calibratedGlossPaint_mat"/>
        <material materialSlotName="jcbYellow_attacher_calibratedGlossPaint_mat"/>
        <material materialSlotName="jcbYellow_qfit_calibratedGlossPaint_mat"/>
    </baseColorConfigurations>

    <wearable wearDuration="480" workMultiplier="5" fieldMultiplier="2"/>
    <washable dirtDuration="90" washDuration="1" workMultiplier="3" fieldMultiplier="2"/>

    <i3dMappings>
        <i3dMapping id="mainComponent" node="0>" />
        <i3dMapping id="exitPoint" node="0>0" />
        <i3dMapping id="jcb541_vis" node="0>1" />
        <i3dMapping id="steeringBarFront" node="0>4|0" />
        <i3dMapping id="steeringBarFrontLeftRef" node="0>4|0|0" />
        <i3dMapping id="steeringBarFrontRightRef" node="0>4|0|1" />
        <i3dMapping id="axisFrontRight" node="0>4|1" />
        <i3dMapping id="wheelFrontRight" node="0>4|1|1" />
        <i3dMapping id="axisFrontRight1" node="0>4|1|1|0" />
        <i3dMapping id="steeringBarFrontRight" node="0>4|1|2" />
        <i3dMapping id="kardan07" node="0>4|1|3" />
        <i3dMapping id="axisFrontLeft" node="0>4|2" />
        <i3dMapping id="steeringBarFrontLeft" node="0>4|2|0" />
        <i3dMapping id="kardan05" node="0>4|2|1" />
        <i3dMapping id="wheelFrontLeft" node="0>4|2|2" />
        <i3dMapping id="axisFrontLeft1" node="0>4|2|2|0" />
        <i3dMapping id="beacon1" node="0>5|0|0" />
        <i3dMapping id="beacon3" node="0>5|0|1" />
        <i3dMapping id="beacon2" node="0>5|0|2" />
        <i3dMapping id="sideMarker_06Orange" node="0>5|0|3" />
        <i3dMapping id="sideMarker_06Orange1" node="0>5|0|4" />
        <i3dMapping id="sideMarker_06Orange2" node="0>5|0|5" />
        <i3dMapping id="sideMarker_06Orange3" node="0>5|0|6" />
        <i3dMapping id="sideMarker_06Orange4" node="0>5|0|7" />
        <i3dMapping id="workingLightCircle_02" node="0>5|0|8" />
        <i3dMapping id="numberPlateLightLeft" node="0>5|0|9" />
        <i3dMapping id="numberPlateLightRight" node="0>5|0|10" />
        <i3dMapping id="worklightFront01" node="0>5|0|11" />
        <i3dMapping id="worklightFront02" node="0>5|0|12" />
        <i3dMapping id="worklightFront03" node="0>5|0|13" />
        <i3dMapping id="worklightFront04" node="0>5|0|14" />
        <i3dMapping id="worklightBack01" node="0>5|0|15" />
        <i3dMapping id="worklightBack02" node="0>5|0|16" />
        <i3dMapping id="frontLightStatic" node="0>5|1|1" />
        <i3dMapping id="frontLightDefault" node="0>5|1|2" />
        <i3dMapping id="rearLightStatics" node="0>5|1|3" />
        <i3dMapping id="frontLightLow" node="0>5|2|0" />
        <i3dMapping id="highBeamLow" node="0>5|2|1" />
        <i3dMapping id="frontLightHigh" node="0>5|2|2" />
        <i3dMapping id="highBeamHigh" node="0>5|2|3" />
        <i3dMapping id="licensePlateLightHigh" node="0>5|2|4" />
        <i3dMapping id="workLightFrontLow" node="0>5|3|0" />
        <i3dMapping id="workLightBackLow" node="0>5|3|1" />
        <i3dMapping id="workLightFrontHigh1" node="0>5|3|2" />
        <i3dMapping id="workLightBackHigh1" node="0>5|3|3" />
        <i3dMapping id="backLightsHigh1" node="0>5|4|0" />
        <i3dMapping id="turnLightLeftFront" node="0>5|5|0" />
        <i3dMapping id="turnLightRightFront" node="0>5|5|1" />
        <i3dMapping id="reverseLightHigh1" node="0>5|6|0" />
        <i3dMapping id="interiorLightStatic" node="0>5|7|1" />
        <i3dMapping id="outdoorCameraTarget" node="0>6|0" />
        <i3dMapping id="outdoorCamera1" node="0>6|0|0" />
        <i3dMapping id="indoorCamera1" node="0>6|1" />
        <i3dMapping id="cameraRaycastNode1" node="0>6|2" />
        <i3dMapping id="cameraRaycastNode2" node="0>6|3" />
        <i3dMapping id="cameraRaycastNode3" node="0>6|4" />
        <i3dMapping id="shadowFocusBox" node="0>6|5" />
        <i3dMapping id="licencePlateFront" node="0>7" />
        <i3dMapping id="licencePlateBack" node="0>8" />
        <i3dMapping id="trailerAttacherJointFront" node="0>9" />
        <i3dMapping id="trailerAttacherJointLow" node="0>10" />
        <i3dMapping id="trailerAttacherJoint" node="0>11" />
        <i3dMapping id="electric" node="0>11|0" />
        <i3dMapping id="hydraulic02In" node="0>11|1" />
        <i3dMapping id="hydraulic02Out" node="0>11|2" />
        <i3dMapping id="hydraulic03In" node="0>11|3" />
        <i3dMapping id="hydraulic03Out" node="0>11|4" />
        <i3dMapping id="hydCap2In" node="0>11|5" />
        <i3dMapping id="hydCap3In" node="0>11|6" />
        <i3dMapping id="hydCap2Out" node="0>11|7" />
        <i3dMapping id="hydCap3Out" node="0>11|8" />
        <i3dMapping id="airIn" node="0>11|9" />
        <i3dMapping id="airOut" node="0>11|10" />
        <i3dMapping id="axisJoint" node="0>12" />
        <i3dMapping id="exhaustParticle1" node="0>13|0" />
        <i3dMapping id="seat" node="0>14|0" />
        <i3dMapping id="joystick" node="0>14|0|3" />
        <i3dMapping id="joystickBoom" node="0>14|0|3|0" />
        <i3dMapping id="playerRightHandTarget1" node="0>14|0|3|2" />
        <i3dMapping id="playerSkin" node="0>14|0|4" />
        <i3dMapping id="seatDecalAgiPro" node="0>14|0|5" />
        <i3dMapping id="steeringBase" node="0>14|1" />
        <i3dMapping id="steeringWheel" node="0>14|1|0|0" />
        <i3dMapping id="playerLeftHandTarget" node="0>14|1|0|0|1" />
        <i3dMapping id="playerRightFootTarget" node="0>14|2|0" />
        <i3dMapping id="playerLeftFootTarget" node="0>14|2|1" />
        <i3dMapping id="playerRightFootTargetGas" node="0>14|2|2" />
        <i3dMapping id="gasPedal" node="0>14|3|0" />
        <i3dMapping id="playerRightFootGasRef" node="0>14|3|0|0" />
        <i3dMapping id="brakePedal" node="0>14|3|1" />
        <i3dMapping id="playerRightFootTargetBrake" node="0>14|3|1|0" />
        <i3dMapping id="gasPedalPart" node="0>14|3|2" />
        <i3dMapping id="mirrorRightBigBelowDecal" node="0>14|4|0" />
        <i3dMapping id="mirrorRightBigDecal" node="0>14|4|1" />
        <i3dMapping id="mirrorRightSmallDecal" node="0>14|4|2" />
        <i3dMapping id="mirrorRearDecal" node="0>14|4|3" />
        <i3dMapping id="mirrorLeftBigDecal" node="0>14|4|4" />
        <i3dMapping id="wiperBack" node="0>14|5|0" />
        <i3dMapping id="wiperBackPart" node="0>14|5|0|0|0" />
        <i3dMapping id="wiperTop" node="0>14|5|1" />
        <i3dMapping id="wiperArm02" node="0>14|5|2" />
        <i3dMapping id="wiperArm01" node="0>14|5|3" />
        <i3dMapping id="wiper" node="0>14|5|3|0" />
        <i3dMapping id="tempNeedle" node="0>14|6|0|0|0" />
        <i3dMapping id="fuelNeedle" node="0>14|6|0|1|0" />
        <i3dMapping id="rpmNeedle" node="0>14|6|0|2|0" />
        <i3dMapping id="beaconLightDecal" node="0>14|6|1" />
        <i3dMapping id="cabinLightDecals" node="0>14|6|2" />
        <i3dMapping id="hazardDecal" node="0>14|6|3" />
        <i3dMapping id="worklightDecal" node="0>14|6|4" />
        <i3dMapping id="dashScreenStart" node="0>14|6|5" />
        <i3dMapping id="dashLights" node="0>14|6|6" />
        <i3dMapping id="dashTurnRight" node="0>14|6|7" />
        <i3dMapping id="dashTurnLeft" node="0>14|6|8" />
        <i3dMapping id="dashHazards" node="0>14|6|9" />
        <i3dMapping id="dashLightsFull" node="0>14|6|10" />
        <i3dMapping id="dashWarning" node="0>14|6|11" />
        <i3dMapping id="dashHandbrake" node="0>14|6|12" />
        <i3dMapping id="dashOil" node="0>14|6|13" />
        <i3dMapping id="dashFrontWork" node="0>14|6|14" />
        <i3dMapping id="dashRearWork" node="0>14|6|15" />
        <i3dMapping id="dashScreenRun" node="0>14|6|16" />
        <i3dMapping id="cabinLightDecalsStart" node="0>14|6|17" />
        <i3dMapping id="cabinLightDecalsRun" node="0>14|6|18" />
        <i3dMapping id="numbersTime" node="0>14|6|19" />
        <i3dMapping id="numbersSpeed" node="0>14|6|20" />
        <i3dMapping id="numbersGear" node="0>14|6|21" />
        <i3dMapping id="key" node="0>14|6|22|0" />
        <i3dMapping id="shuttle" node="0>14|6|23|0" />
        <i3dMapping id="indStick" node="0>14|6|24|0" />
        <i3dMapping id="handbrake" node="0>14|6|25|0" />
        <i3dMapping id="mainArm" node="0>16|0" />
        <i3dMapping id="secondArmRot" node="0>16|0|0" />
        <i3dMapping id="secondArm" node="0>16|0|0|0" />
        <i3dMapping id="attacherRot" node="0>16|0|0|0|1" />
        <i3dMapping id="attacher" node="0>16|0|0|0|1|0" />
        <i3dMapping id="attacherStandard" node="0>16|0|0|0|1|0|0" />
        <i3dMapping id="attacherQ" node="0>16|0|0|0|1|0|1" />
        <i3dMapping id="attacherDecal" node="0>16|0|0|0|1|0|1|0" />
        <i3dMapping id="attacherJoint" node="0>16|0|0|0|1|0|1|1" />
        <i3dMapping id="secondArmPart01Ref" node="0>16|0|0|0|1|0|1|2" />
        <i3dMapping id="secondArmPart01RefFrame" node="0>16|0|0|0|2" />
        <i3dMapping id="secondArmPart01" node="0>16|0|0|0|3" />
        <i3dMapping id="secondArmPart02" node="0>16|0|0|0|3|0" />
        <i3dMapping id="secondArmHydraulicRef" node="0>16|0|0|0|3|1" />
        <i3dMapping id="secondArmHydraulic" node="0>16|0|0|0|4" />
        <i3dMapping id="secondArmHydraulicPunch" node="0>16|0|0|0|4|0" />
        <i3dMapping id="hyd01InCover" node="0>16|0|0|0|5|0" />
        <i3dMapping id="hyd01OutCover" node="0>16|0|0|0|5|1" />
        <i3dMapping id="hydraulic01In" node="0>16|0|0|0|5|2" />
        <i3dMapping id="hydraulic01Out" node="0>16|0|0|0|5|3" />
        <i3dMapping id="sideMarker_06Orange5" node="0>16|0|0|0|6" />
        <i3dMapping id="sideMarker_06Orange6" node="0>16|0|0|0|7" />
        <i3dMapping id="lightsBoom" node="0>16|0|1" />
        <i3dMapping id="workLightFrontHigh5" node="0>16|0|1|0" />
        <i3dMapping id="lightsBoomLeft" node="0>16|0|1|1" />
        <i3dMapping id="lightsBoomRight" node="0>16|0|1|2" />
        <i3dMapping id="mainArm2HydraulicRef" node="0>16|0|2" />
        <i3dMapping id="mainArmHydraulicRef" node="0>16|0|3" />
        <i3dMapping id="guage" node="0>16|0|6" />
        <i3dMapping id="mainArmDummy" node="0>16|1" />
        <i3dMapping id="secondArmDummyRot" node="0>16|1|1" />
        <i3dMapping id="secondArmDummy" node="0>16|1|1|0" />
        <i3dMapping id="attacherDummyRot" node="0>16|1|1|0|1" />
        <i3dMapping id="attacherDummy" node="0>16|1|1|0|1|0" />
        <i3dMapping id="attacherQDummy" node="0>16|1|1|0|1|0|0" />
        <i3dMapping id="attacherJointDummy" node="0>16|1|1|0|1|0|0|0" />
        <i3dMapping id="attacherColQ" node="0>16|1|1|0|1|0|1" />
        <i3dMapping id="attacherCol" node="0>16|1|1|0|1|0|2" />
        <i3dMapping id="mainArm2Hydraulic" node="0>16|2" />
        <i3dMapping id="mainArm2HydraulicPunch" node="0>16|2|0" />
        <i3dMapping id="mainArmHydraulic" node="0>16|3" />
        <i3dMapping id="mainArmHydraulicPunch" node="0>16|3|0" />
        <i3dMapping id="kardan02" node="0>16|4" />
        <i3dMapping id="kardan04" node="0>16|5" />
        <i3dMapping id="kardan09" node="0>16|6|0" />
        <i3dMapping id="kardan10" node="0>16|7|0" />
        <i3dMapping id="kardan06" node="0>16|8" />
        <i3dMapping id="kardan08" node="0>16|9" />
        <i3dMapping id="door" node="0>16|10|0" />
        <i3dMapping id="aiCollisionNode" node="0>17|0" />
        <i3dMapping id="interiorMain" node="0>18|4" />
        <i3dMapping id="exteriorDecals541" node="0>18|13" />
        <i3dMapping id="exteriorDecalsAgriPro" node="0>18|14" />
        <i3dMapping id="exteriorDecals531" node="0>18|15" />
        <i3dMapping id="interiorMainAgriPro" node="0>18|16" />
        <i3dMapping id="interiorMainAgri" node="0>18|17" />
        <i3dMapping id="exteriorDecalsAgriSuper" node="0>18|18" />
        <i3dMapping id="exteriorDecalsAgriPlus" node="0>18|19" />
        <i3dMapping id="exactFillRootNodeFuel" node="0>20" />
        <i3dMapping id="component2" node="1>" />
        <i3dMapping id="axis" node="1>0" />
        <i3dMapping id="axisBackLeft" node="1>0|0" />
        <i3dMapping id="wheelBackLeft" node="1>0|0|1" />
        <i3dMapping id="axisBackLeft1" node="1>0|0|1|0" />
        <i3dMapping id="kardan01" node="1>0|0|2" />
        <i3dMapping id="steeringBarBackLeft" node="1>0|0|3" />
        <i3dMapping id="steeringBarBack" node="1>0|1" />
        <i3dMapping id="steeringBarBackLeftRef" node="1>0|1|0" />
        <i3dMapping id="steeringBarBackRightRef" node="1>0|1|1" />
        <i3dMapping id="axisBackRight" node="1>0|2" />
        <i3dMapping id="wheelBackRight" node="1>0|2|0" />
        <i3dMapping id="axisBackRight1" node="1>0|2|0|0" />
        <i3dMapping id="kardan03" node="1>0|2|1" />
        <i3dMapping id="steeringBarBackRight" node="1>0|2|3" />
    </i3dMappings>
</vehicle>
