<?xml version="1.0" encoding="utf-8" standalone="no"?>
<modDesc descVersion="95">
    <author>RossN Mods</author>
    <version>1.0.0.1</version>
    <title>
        <en>JCB Agri Loadall</en>
    </title>
 <description>
<en><![CDATA[JCB Agri Loadall
Designed to meet agricultural demands, JCB's agri loadall range offers unparalleded productivity, courtesy of smart hydraulics, superlative performance, versatility and efficiency. Exactly what you'd expect from the world's No.1 telehandler manufacturer.

- Configurable models
- Configurable wheel colours
- Tyre options
- Choice of beacons
- Level lift
- Animated controls
- LED lighting

Power: 125-145 HP
Price: $108000.
Brand: JCB

Changelog 1.0.0.1
- Fixed flickering window]]></en>
<de><![CDATA[JCB Agri Loadall
Die Agri-Loadall-Reihe von JCB wurde für die Anforderungen der Landwirtschaft entwickelt und bietet dank intelligenter Hydraulik beispiellose Produktivität, überragende Leistung, Vielseitigkeit und Effizienz. Genau das, was Sie vom weltweit führenden Hersteller von Teleskopladern erwarten.

- Konfigurierbare Modelle
- Konfigurierbare Felgenfarben
- Reifenoptionen
- Wahl der RUL
- Niveaulift
- Animierte Steuerelemente
- LED-Beleuchtung

Leistung 125-145 PS
Preis: 108.000 €
Marke: JCB

Changelog 1.0.0.1
- Flackerndes Fenster behoben]]></de>
<fr><![CDATA[JCB Agri Loadall
Conçue pour répondre aux exigences agricoles, la gamme de chargements complets agricoles de JCB offre une productivité inégalée, grâce à un système hydraulique intelligent, des performances exceptionnelles, une polyvalence et une efficacité. Exactement ce que vous attendez du premier fabricant mondial de chariots télescopiques.

- Modèles configurables
- Couleurs de roues configurables
- Options de pneus
- Choix des balises
- Ascenseur de niveau
- Contrôles animés
- Éclairage LED

Options d'alimentation 125-145 CV
Prix ​​: 108 000 €.
marque: JCB

Changelog 1.0.0.1
- Fenêtre scintillante fixe]]></fr>
</description>

	
<l10n>
<text name="configuration_Beacon1"><en>Low Beacon</en><de>Niedrige RUL</de><fr>Balise Basse</fr></text>
<text name="configuration_Beacon2"><en>High Beacon</en><de>Hohe RUL</de><fr>Balise Haute</fr></text>
<text name="configuration_Beacon3"><en>Strobe Beacon</en><de>Blitzleuchte</de><fr>Balise stroboscopique</fr></text>
<text name="configuration_Beacons"><en>Beacons</en><de>RUL</de><fr>Balise</fr></text>
<text name="configuration_Model"><en>Model</en><de>Model</de><fr>Modèle</fr></text>
<text name="configuration_AgriPlus"><en>AgriPlus</en><de>AgriPlus</de><fr>AgriPlus</fr></text>
<text name="configuration_AgriSuper"><en>AgriSuper</en><de>AgriSuper</de><fr>AgriSuper</fr></text>
<text name="configuration_AgriPro"><en>AgriPro</en><de>AgriPro</de><fr>AgriPro</fr></text>
<text name="configuration_QFit"><en>Q-FIT</en><de>Q-FIT</de><fr>Q-FIT</fr></text>
<text name="configuration_mattBlack"><en>Matt Black</en><de>Mattschwarz</de><fr>Noir mat</fr></text>
<text name="configuration_mattGrey"><en>Matt Grey</en><de>Mattgrau</de><fr>Gris mat</fr></text>
<text name="configuration_chrome"><en>Chrome</en><de>Chrom</de><fr>Chrome</fr></text>
<text name="configuration_531-70"><en>531-70</en><de>531-70</de><fr>531-70</fr></text>
<text name="configuration_541-70"><en>541-70</en><de>541-70</de><fr>541-70</fr></text>
<text name="info_transmission_4speed"><en>4 Speed</en><de>4 Gänge</de><fr>4 Speed</fr></text>
<text name="info_transmission_6speed"><en>6 Speed</en><de>6 Gänge</de><fr>6 Speed</fr></text>
<text name="configuration_model"><en>Model</en><de>Modell</de><fr>Modèle</fr></text>
<text name="configuration_attachers"><en>Attachers</en><de>Anhanger</de><fr>Attaches</fr></text>
</l10n>
	
    <iconFilename>icon_agriLoadall.dds</iconFilename>
    <multiplayer supported="true"/>
    <storeItems>
        <storeItem xmlFilename="agri_loadall.xml"/>
    </storeItems>
</modDesc>